employee_code,first_name,last_name,department,job_title,shift,phone,email,gender,birth_date,shoe_size
MEKAP-001,Ahmet,Yilmaz,Montaj,Operator,Gunduz,5551000001,ahmet.yilmaz@example.com,male,1988-04-12,42
MEKAP-002,Ayse,Demir,Lojistik,Depo Personeli,Gece,5551000002,ayse.demir@example.com,female,1992-09-25,38
MEKAP-003,Mehmet,Kaya,Kalite Kontrol,Kontrol Uzmani,Gunduz,5551000003,mehmet.kaya@example.com,male,1985-01-18,43
MEKAP-004,Elif,Sahin,Paketleme,Paketleme Personeli,Aksam,5551000004,elif.sahin@example.com,female,1994-06-07,37
MEKAP-005,Mustafa,Celik,Montaj,Vardiya Sorumlusu,Gece,5551000005,mustafa.celik@example.com,male,1981-11-03,44
MEKAP-006,Zeynep,Aydin,Lojistik,Sevkiyat Personeli,Gunduz,5551000006,zeynep.aydin@example.com,female,1990-12-14,39
MEKAP-007,Emre,Ozkan,Bakim,Teknisyen,Aksam,5551000007,emre.ozkan@example.com,male,1987-03-21,42
MEKAP-008,Selin,Arslan,Kalite Kontrol,Laboratuvar Personeli,Gunduz,5551000008,selin.arslan@example.com,female,1996-08-30,38
MEKAP-009,Can,Polat,Uretim,Operator,Gece,5551000009,can.polat@example.com,male,1991-05-16,41
MEKAP-010,Deniz,Koc,Idari Isler,Personel Uzmani,Gunduz,5551000010,deniz.koc@example.com,unspecified,1989-10-02,40
